R,G,B,Etiqueta
115,74,74,manzana
115,74,74,manzana
115,74,74,manzana
115,74,74,manzana
115,74,74,manzana
115,74,74,manzana
115,74,74,manzana
115,74,74,manzana
115,74,74,manzana
115,74,74,manzana
119,76,76,manzana
119,76,76,manzana
119,76,76,manzana
119,76,76,manzana
119,76,76,manzana
119,76,76,manzana
115,74,74,manzana
119,76,76,manzana
119,76,76,manzana
115,74,74,manzana
115,74,74,manzana
115,74,74,manzana
115,74,74,manzana
115,74,74,manzana
115,74,82,manzana
115,74,82,manzana
115,74,82,manzana
115,74,82,manzana
115,74,82,manzana
115,74,82,manzana
115,74,82,manzana
115,74,82,manzana
115,74,82,manzana
115,74,82,manzana
115,74,82,manzana
115,74,82,manzana
115,74,82,manzana
115,74,82,manzana
115,74,82,manzana
115,74,74,manzana
115,74,74,manzana
115,74,74,manzana
115,74,82,manzana
115,74,82,manzana
115,74,82,manzana
115,74,82,manzana
115,74,82,manzana
115,74,82,manzana
115,74,82,manzana
115,74,74,manzana
115,74,74,manzana
115,74,74,manzana
115,74,74,manzana
115,74,74,manzana
115,74,74,manzana
115,74,74,manzana
115,74,74,manzana
115,74,74,manzana
115,74,74,manzana
115,74,74,manzana
119,76,76,manzana
119,76,76,manzana
119,76,76,manzana
115,74,74,manzana
115,74,74,manzana
115,74,74,manzana
115,74,74,manzana
115,74,74,manzana
115,74,74,manzana
115,74,74,manzana
115,74,74,manzana
115,74,74,manzana
115,74,74,manzana
115,74,74,manzana
115,74,74,manzana
115,74,74,manzana
115,74,74,manzana
115,74,74,manzana
115,74,74,manzana
115,74,82,manzana
115,74,82,manzana
115,74,82,manzana
115,74,82,manzana
115,74,82,manzana
115,74,82,manzana
115,74,82,manzana
115,74,82,manzana
115,74,82,manzana
115,74,82,manzana
115,74,82,manzana
115,74,82,manzana
115,74,74,manzana
115,74,82,manzana
115,74,82,manzana
115,74,82,manzana
115,74,82,manzana
115,74,82,manzana
115,74,82,manzana
115,74,82,manzana
115,74,82,manzana
95,85,85,manzana
95,85,85,manzana
95,85,85,manzana
95,85,85,manzana
95,85,85,manzana
99,88,88,manzana
97,85,85,manzana
97,85,85,manzana
97,85,85,manzana
107,80,93,manzana
95,85,85,manzana
97,85,85,manzana
104,81,92,manzana
99,77,88,manzana
102,89,89,manzana
102,76,89,manzana
102,81,91,manzana
99,88,88,manzana
109,85,85,manzana
104,81,92,manzana
104,81,81,manzana
102,81,91,manzana
102,81,81,manzana
102,81,81,manzana
106,85,85,manzana
106,85,85,manzana
102,81,81,manzana
107,78,88,manzana
106,85,85,manzana
110,77,88,manzana
102,81,81,manzana
110,77,77,manzana
104,81,81,manzana
99,88,88,manzana
114,89,89,manzana
106,74,85,manzana
115,81,81,manzana
116,74,74,manzana
114,70,70,manzana
113,70,77,manzana
111,78,78,manzana
119,76,76,manzana
123,79,79,manzana
115,77,77,manzana
111,71,71,manzana
115,74,82,manzana
115,77,77,manzana
112,75,75,manzana
115,72,72,manzana
114,73,73,manzana
115,77,77,manzana
113,75,75,manzana
104,92,92,manzana
106,85,85,manzana
99,88,88,manzana
104,92,92,manzana
104,81,92,manzana
95,85,85,manzana
104,81,92,manzana
102,89,89,manzana
107,80,93,manzana
99,88,88,manzana
104,81,92,manzana
107,93,80,manzana
99,77,88,manzana
98,78,88,manzana
103,75,85,manzana
102,81,81,manzana
110,88,88,manzana
107,78,88,manzana
105,79,87,manzana
110,77,88,manzana
103,85,85,manzana
102,81,91,manzana
106,74,85,manzana
102,81,81,manzana
99,77,88,manzana
110,77,88,manzana
109,85,85,manzana
107,78,88,manzana
115,81,81,manzana
117,78,88,manzana
113,75,75,manzana
110,76,76,manzana
114,79,79,manzana
119,76,76,manzana
118,72,81,manzana
119,79,79,manzana
106,77,77,manzana
119,76,76,manzana
114,73,73,manzana
116,72,80,manzana
115,74,74,manzana
113,75,85,manzana
103,75,85,manzana
106,85,85,manzana
102,81,81,manzana
97,85,85,manzana
95,85,85,manzana
91,81,91,manzana
113,75,85,manzana
113,75,85,manzana
113,75,85,manzana
113,75,85,manzana
113,85,85,manzana
113,85,85,manzana
113,85,85,manzana
113,85,85,manzana
113,85,85,manzana
113,85,85,manzana
113,85,85,manzana
113,85,85,manzana
113,85,85,manzana
113,85,85,manzana
113,85,85,manzana
113,85,85,manzana
113,75,85,manzana
113,75,85,manzana
113,75,85,manzana
113,75,85,manzana
113,75,85,manzana
113,75,85,manzana
113,75,85,manzana
113,75,85,manzana
113,85,85,manzana
113,85,85,manzana
113,85,85,manzana
113,85,85,manzana
113,85,85,manzana
113,75,85,manzana
113,75,85,manzana
113,75,85,manzana
113,75,85,manzana
113,75,85,manzana
113,75,85,manzana
113,75,85,manzana
113,75,85,manzana
109,81,81,manzana
102,81,91,manzana
106,85,85,manzana
102,91,91,manzana
102,81,91,manzana
112,91,91,manzana
112,91,91,manzana
112,81,91,manzana
107,88,88,manzana
103,85,94,manzana
103,85,85,manzana
112,81,91,manzana
107,78,88,manzana
107,78,88,manzana
107,78,88,manzana
107,78,88,manzana
102,81,81,manzana
102,81,81,manzana
107,78,88,manzana
107,88,88,manzana
107,88,88,manzana
107,88,88,manzana
103,85,85,manzana
103,85,85,manzana
103,85,85,manzana
103,85,85,manzana
103,85,85,manzana
103,85,85,manzana
103,85,85,manzana
103,85,85,manzana
103,85,85,manzana
103,85,85,manzana
103,85,85,manzana
103,85,85,manzana
103,85,85,manzana
103,85,85,manzana
103,85,85,manzana
103,85,85,manzana
103,85,85,manzana
103,85,85,manzana
103,85,85,manzana
103,85,85,manzana
103,85,85,manzana
106,85,85,manzana
104,81,92,manzana
102,81,81,manzana
95,85,85,manzana
99,88,88,manzana
95,85,85,manzana
106,85,85,manzana
106,85,85,manzana
106,85,85,manzana
106,85,85,manzana
106,85,85,manzana
106,85,85,manzana
106,85,85,manzana
106,85,85,manzana
106,85,85,manzana
106,85,85,manzana
106,85,85,manzana
106,85,85,manzana
106,85,85,manzana
106,85,85,manzana
115,77,77,manzana
115,77,77,manzana
115,77,77,manzana
115,77,77,manzana
115,77,77,manzana
115,77,77,manzana
115,77,77,manzana
115,77,77,manzana
115,77,77,manzana
115,77,77,manzana
115,77,77,manzana
115,77,77,manzana
115,77,77,manzana
115,77,77,manzana
115,77,77,manzana
115,77,77,manzana
115,77,77,manzana
115,77,77,manzana
115,77,77,manzana
115,77,77,manzana
115,77,77,manzana
115,77,77,manzana
115,77,77,manzana
115,77,77,manzana
115,77,77,manzana
115,77,77,manzana
115,77,77,manzana
115,77,77,manzana
115,77,77,manzana
115,77,77,manzana
115,77,77,manzana
115,77,77,manzana
115,77,77,manzana
115,77,77,manzana
115,77,77,manzana
115,77,77,manzana
115,77,77,manzana
115,77,77,manzana
115,77,77,manzana
115,77,77,manzana
115,77,77,manzana
115,77,77,manzana
119,76,76,manzana
103,75,75,manzana
105,79,79,manzana
102,76,85,manzana
102,76,85,manzana
102,76,85,manzana
110,76,85,manzana
110,76,85,manzana
110,76,85,manzana
110,76,85,manzana
110,76,85,manzana
110,76,85,manzana
110,76,85,manzana
110,76,85,manzana
110,76,85,manzana
110,76,85,manzana
110,76,85,manzana
110,76,85,manzana
110,76,85,manzana
110,76,85,manzana
110,76,85,manzana
110,76,85,manzana
110,76,85,manzana
105,79,79,manzana
106,85,85,manzana
96,79,87,manzana
100,81,81,manzana
100,81,81,manzana
100,81,81,manzana
100,81,81,manzana
100,81,81,manzana
100,81,81,manzana
100,81,81,manzana
100,81,81,manzana
100,81,81,manzana
100,81,81,manzana
100,81,81,manzana
100,81,81,manzana
109,81,91,manzana
109,81,91,manzana
109,81,91,manzana
109,81,91,manzana
109,81,91,manzana
109,81,91,manzana
109,81,91,manzana
109,81,91,manzana
109,81,91,manzana
109,81,91,manzana
109,81,91,manzana
109,81,91,manzana
109,81,91,manzana
109,81,91,manzana
109,81,91,manzana
109,81,91,manzana
109,81,91,manzana
109,81,91,manzana
109,81,91,manzana
109,81,91,manzana
96,79,87,manzana
96,79,87,manzana
96,79,87,manzana
100,81,91,manzana
96,79,87,manzana
96,79,87,manzana
96,79,87,manzana
96,79,87,manzana
100,81,91,manzana
100,81,91,manzana
100,81,91,manzana
91,81,91,manzana
94,85,85,manzana
98,78,88,manzana
98,78,88,manzana
98,78,88,manzana
102,89,89,manzana
113,85,85,manzana
104,81,81,manzana
99,77,77,manzana
102,76,89,manzana
102,89,89,manzana
99,77,88,manzana
106,74,85,manzana
106,85,85,manzana
106,85,85,manzana
102,81,81,manzana
98,78,88,manzana
98,78,88,manzana
102,81,81,manzana
102,81,81,manzana
102,81,81,manzana
102,81,81,manzana
102,81,81,manzana
94,85,85,manzana
94,75,85,manzana
99,77,88,manzana
102,81,91,manzana
95,85,85,manzana
95,85,85,manzana
106,85,85,manzana
102,81,81,manzana
102,81,81,manzana
102,81,81,manzana
102,81,81,manzana
102,81,81,manzana
102,81,81,manzana
102,81,81,manzana
102,81,81,manzana
102,81,81,manzana
102,81,81,manzana
102,81,81,manzana
102,81,81,manzana
102,81,81,manzana
102,81,81,manzana
102,81,81,manzana
102,81,81,manzana
102,81,81,manzana
102,81,81,manzana
102,81,81,manzana
102,81,81,manzana
102,81,81,manzana
102,81,81,manzana
102,81,81,manzana
102,81,81,manzana
102,81,81,manzana
102,81,81,manzana
102,81,81,manzana
102,81,81,manzana
102,81,81,manzana
102,81,81,manzana
102,81,81,manzana
104,81,92,manzana
99,88,88,manzana
99,77,88,manzana
99,77,88,manzana
102,81,81,manzana
102,81,81,manzana
102,81,81,manzana
102,81,81,manzana
102,81,81,manzana
102,81,81,manzana
102,81,91,manzana
102,81,91,manzana
102,81,91,manzana
102,81,81,manzana
102,81,81,manzana
102,81,81,manzana
102,81,81,manzana
102,81,81,manzana
102,81,81,manzana
102,81,81,manzana
102,81,81,manzana
102,81,81,manzana
102,81,81,manzana
102,81,81,manzana
102,81,81,manzana
102,81,81,manzana
102,81,81,manzana
102,81,81,manzana
115,77,77,manzana
115,77,77,manzana
115,77,77,manzana
123,77,77,manzana
123,77,77,manzana
123,77,77,manzana
123,77,77,manzana
123,77,77,manzana
123,77,77,manzana
123,77,77,manzana
123,77,77,manzana
123,77,77,manzana
123,77,77,manzana
123,77,77,manzana
123,77,77,manzana
123,77,77,manzana
123,77,77,manzana
123,77,77,manzana
123,77,77,manzana
123,77,77,manzana
123,77,77,manzana
123,77,77,manzana
115,77,77,manzana
123,77,77,manzana
115,77,77,manzana
123,77,77,manzana
123,77,77,manzana
123,77,77,manzana
123,77,77,manzana
123,77,77,manzana
123,77,77,manzana
123,77,77,manzana
123,77,77,manzana
123,77,77,manzana
123,77,77,manzana
123,77,77,manzana
123,77,77,manzana
115,77,77,manzana
115,77,77,manzana
115,77,77,manzana
115,77,77,manzana
115,77,77,manzana
115,77,77,manzana
123,77,77,manzana
115,77,77,manzana
115,77,77,manzana
115,77,77,manzana
115,77,77,manzana
115,77,77,manzana
115,77,77,manzana
115,77,77,manzana
115,77,77,manzana
115,77,77,manzana
115,77,77,manzana
115,77,77,manzana
115,77,77,manzana
115,77,77,manzana
115,77,77,manzana
115,77,77,manzana
115,77,77,manzana
115,77,77,manzana
115,77,77,manzana
115,77,77,manzana
115,77,77,manzana
115,77,77,manzana
115,77,77,manzana
115,77,77,manzana
115,77,77,manzana
115,77,77,manzana
115,77,77,manzana
115,77,77,manzana
115,77,77,manzana
115,77,77,manzana
115,77,77,manzana
115,77,77,manzana
115,77,77,manzana
115,77,77,manzana
115,77,77,manzana
115,77,77,manzana
115,77,77,manzana
115,77,77,manzana
115,77,77,manzana
115,77,77,manzana
115,77,77,manzana
115,77,77,manzana
115,77,77,manzana
115,77,77,manzana
115,77,77,manzana
115,77,77,manzana
115,77,77,manzana
115,77,77,manzana
115,77,77,manzana
115,77,77,manzana
115,77,77,manzana
115,77,77,manzana
115,77,77,manzana
115,77,77,manzana
115,77,77,manzana
115,77,77,manzana
115,77,77,manzana
